01:03- 14th November 2017,345 tires,976 oil,9876 spark plugs,92140.40 ,767656yghasb
01:03- 14th November 2017,345 tires,976 oil,9876 spark plugs,92140.40 ,767656yghasb
01:03- 14th November 2017,345 tires,976 oil,9876 spark plugs,92140.40 ,767656yghasb
01:27- 14th November 2017,68 tires,686 oil,86 spark plugs,15404.40 ,866yivahsbdf
03:13- 14th November 2017,66 tires,8686 oil,86 spark plugs,103184.40 ,86riytfvouyhvasoudhyvba
03:13- 14th November 2017,66 tires,8686 oil,86 spark plugs,103184.40 ,86riytfvouyhvasoudhyvba
03:14- 14th November 2017,6679 tires,96 oil,9769 spark plugs,778729.60 ,76tuygsvouhvalsjdhvbas
22:37- 18th November 2017,876 tires,876876 oil,76876 spark plugs,10080250.40 ,gbjagsdhba
22:38- 18th November 2017,876 tires,876876 oil,76876 spark plugs,10080250.40 ,gbjagsdhba
22:41- 18th November 2017,345 tires,34 oil,234 spark plugs,39353.60 ,235
22:43- 18th November 2017,345 tires,34 oil,234 spark plugs,39353.60 ,235
22:49- 18th November 2017,76 tires,57658 oil,765876 spark plugs,4012452.40 ,5yuayshgdahsbd
22:49- 18th November 2017,76 tires,57658 oil,765876 spark plugs,4012452.40 ,5yuayshgdahsbd
